"Name","Logon","Domain","Email","Nested_Group"
"Ed Skolnik","eskolnik","NA","ED_SKOLNIK@CRGL-THIRDPARTY.COM",""
"Paul Oakley","poakley","NA","PAUL_OAKLEY@CRGL-THIRDPARTY.COM",""
"Paresh Patel","ppatel","NA","",""
"Dave Kellen","dkellen","NA","",""
"Pete Tobin","ptobin1","NA","",""
"Peter Body","pbody","NA","PETER_BODY@CRGL-THIRDPARTY.COM",""
